source_id,statistic,pvalue
CMCC-CM2-HR4,-0.26221,0.12237
BCC-ESM1,-0.19859,0.24561
CMCC-ESM2,-0.03453,0.84152
MIROC6,-0.01974,0.90901
MPI-ESM1-2-HR,0.05051,0.76987
AWI-CM-1-1-MR,0.17870,0.29704
IITM-ESM,0.21511,0.20769
BCC-CSM2-MR,0.27922,0.09912
NorCPM1,0.29193,0.08406
MRI-ESM2-0,0.31046,0.06535
CanESM5,0.34490,0.03939
NESM3,0.34799,0.03755
